Blog-Title,Repository-Link,Video-Links,Image-Links,Classification,Tweet-Send
Multi-LoRA Composition for Image Generation: Enhancing Image Creativity with LoRA Switch and LoRA Composite,https://github.com/maszhongming/Multi-LoRA-Composition,,"['https://raw.githubusercontent.com/maszhongming/Multi-LoRA-Composition/main/images/intro_fig.png', 'https://raw.githubusercontent.com/maszhongming/Multi-LoRA-Composition/main/images/merge_example.png', 'https://raw.githubusercontent.com/maszhongming/Multi-LoRA-Composition/main/images/switch_example.png', 'https://raw.githubusercontent.com/maszhongming/Multi-LoRA-Composition/main/images/composite_example.png']",Image Generation Platform.,True
DSPy: Programming Foundation Models for Algorithmic Optimization,https://github.com/stanfordnlp/dspy,https://www.youtube.com/watch?v=Dt3H2ninoeY; https://www.youtube.com/watch?v=im7bCLW2aM4; https://www.youtube.com/watch?v=41EfOY0Ldkc; https://www.youtube.com/watch?v=ycfnKPxBMck; https://www.youtube.com/watch?v=CDung1LnLbY; https://www.youtube.com/watch?v=CEuUG4Umfxs,['https://raw.githubusercontent.com/stanfordnlp/dspy/main/docs/images/DSPy8.png'],Natural Language Processing,True
Unlocking AI Collaboration with crewAI: A Cutting-Edge Framework for Agents,https://github.com/joaomdmoura/crewAI,https://www.youtube.com/watch?v=tnejrr-0a94; https://www.youtube.com/watch?v=u98wEMz-9to; https://www.youtube.com/watch?v=xis7rWp-hjs; https://www.youtube.com/watch?v=e0Uj4yWdaAg,"['https://raw.githubusercontent.com/joaomdmoura/crewAI/main/./docs/crewai_logo.png', 'https://img.youtube.com/vi/tnejrr-0a94/maxresdefault.jpg', 'https://img.youtube.com/vi/u98wEMz-9to/maxresdefault.jpg', 'https://img.youtube.com/vi/xis7rWp-hjs/maxresdefault.jpg', 'https://img.youtube.com/vi/e0Uj4yWdaAg/maxresdefault.jpg']",Collaborative AI Framework,True
R2R: Production-ready RAG Systems - Simplifying Deployment and Maintenance,https://github.com/SciPhi-AI/R2R,,['https://raw.githubusercontent.com/SciPhi-AI/R2R/main/./docs/pages/getting-started/demo_screenshot.png'],Collaborative AI Framework.,True
Native RAG on MacOS and Apple Silicon with MLX üßë‚Äçüíª | Chat with MLX,https://github.com/qnguyen3/chat-with-mlx,,['https://raw.githubusercontent.com/qnguyen3/chat-with-mlx/main/assets/chat-w-mlx.gif'],Natural Language Processing,True
OpenDiT: A High-Performance System for DiT Training and Inference,https://github.com/NUS-HPC-AI-Lab/OpenDiT,,"['https://raw.githubusercontent.com/NUS-HPC-AI-Lab/OpenDiT/master/./figure/fastseq_overview.png', 'https://raw.githubusercontent.com/NUS-HPC-AI-Lab/OpenDiT/master/./figure/fastseq_exp.png', 'https://raw.githubusercontent.com/NUS-HPC-AI-Lab/OpenDiT/master/./figure/dit_results.png', 'https://raw.githubusercontent.com/NUS-HPC-AI-Lab/OpenDiT/master/./figure/dit_loss.png']",Collaborative AI Framework.,True
Sequence Modeling and Design with Evo: A Molecular to Genome Scale Approach,https://github.com/evo-design/evo,,['https://raw.githubusercontent.com/evo-design/evo/main/evo.jpg'],Language Models,True
Introducing YOLOv8: The State-of-the-Art Object Detection Model,https://github.com/Fanghua-Yu/SUPIR,https://www.youtube.com/watch?v=LNwODJXcvt4,"['https://user-images.githubusercontent.com/26833433/203113421-decef4c4-183d-4a0a-a6c2-6435b33bc5d3.jpg', 'https://user-images.githubusercontent.com/26833433/203113416-11fe0025-69f7-4874-a0a6-65d0bfe2999a.jpg']",Computer Vision Platform,True
Byte Pair Encoding (BPE) Algorithm: A Comprehensive Guide for Tokenization,https://github.com/karpathy/minbpe,https://www.youtube.com/watch?v=zduSFxRajkE,[''],Language Models,True
V-JEPA: Video Joint Embedding Predictive Architecture - Unsupervised Visual Representation Learning from Video,https://github.com/facebookresearch/jepa,https://www.youtube.com/watch?v=7UkJPwz_N_0,[''],Self-Supervised Learning Architecture.,True
Enhance Team Efficiency with Danswer: AI Document Search and Gen-AI Chat,https://github.com/danswer-ai/danswer,https://www.youtube.com/watch?v=geNzY1nbCnU,[''],Natural Language Processing,True
AnimateDiff: Animate Your Personalized Text-to-Image Diffusion Models without Specific Tuning,https://github.com/guoyww/AnimateDiff,https://www.youtube.com/watch?v=mfaqqL5yOO4; https://www.youtube.com/watch?v=N1tXVR9lplM; https://www.youtube.com/watch?v=zss3xbtvOWw,[''],Computer Vision,True
GPT Pilot: AI Developer Companion for Code Generation,https://github.com/Pythagora-io/gpt-pilot,https://www.youtube.com/watch?v=-OB6BJKADEo; https://www.youtube.com/watch?v=7t-Q2e7QsbE; https://www.youtube.com/watch?v=bUj9DbMRYhA; https://www.youtube.com/watch?v=uZeA1iX9dgg; https://www.youtube.com/watch?v=CMN3W18zfiE,[''],AI Coding Assistant,True
DUSt3R: Geometric 3D Vision Made Easy | Implementation and Usage Guide,https://github.com/naver/dust3r,,"['https://raw.githubusercontent.com/naver/dust3r/main/assets/pipeline1.jpg', 'https://raw.githubusercontent.com/naver/dust3r/main/assets/dust3r_archi.jpg', 'https://raw.githubusercontent.com/naver/dust3r/main/assets/demo.jpg', 'https://raw.githubusercontent.com/naver/dust3r/main/assets/matching.jpg']",Computer Vision Platform.,True
"Exploring the World of Sora: Latest Updates, Research, and Community Discussions",https://github.com/mini-sora/minisora,,"['https://raw.githubusercontent.com/mini-sora/minisora/main/assets/logo.jpg', 'https://raw.githubusercontent.com/mini-sora/minisora/main/assets/qrcode.png']",Collaborative AI Framework.,True
Computer Vision Tools: Building Reusable Models with Supervision,https://github.com/freqtrade/freqtrade,https://www.youtube.com/watch?v=uWP6UjDeZvY; https://www.youtube.com/watch?v=uWP6UjDeZvY; https://www.youtube.com/watch?v=4Q3ut7vqD5o; https://www.youtube.com/watch?v=4Q3ut7vqD5o,"['https://raw.githubusercontent.com/ultralytics/assets/main/social/logo-transparent.png', 'https://raw.githubusercontent.com/ultralytics/assets/main/social/logo-transparent.png', 'https://raw.githubusercontent.com/ultralytics/assets/main/social/logo-transparent.png', 'https://raw.githubusercontent.com/ultralytics/assets/main/social/logo-transparent.png', 'https://raw.githubusercontent.com/ultralytics/assets/main/social/logo-transparent.png']",Computer Vision Platform.,True
The Alignment Handbook: Robust Training Recipes for Language Model Alignment,https://github.com/BatsResearch/bonito,,['https://raw.githubusercontent.com/huggingface/alignment-handbook/main/assets/handbook.png'],Natural Language Processing.,True
Revolutionizing Neural Rendering with GaussianPro: A 3D Splatting Breakthrough,https://github.com/kcheng1021/GaussianPro,,"['https://raw.githubusercontent.com/kcheng1021/GaussianPro/main/figs/comparison.gif', 'https://raw.githubusercontent.com/kcheng1021/GaussianPro/main/figs/pipeline.png', 'https://github.com/kcheng1021/GaussianPro/blob/main/figs/output.gif', 'https://github.com/kcheng1021/GaussianPro/blob/main/figs/output2.gif']",Deep Learning Platform,True
"Revolutionizing AI with Colossal-AI: Cheaper, Faster, More Accessible",https://github.com/hpcaitech/ColossalAI,https://www.youtube.com/watch?v=KnXSfjqkKN0; https://www.youtube.com/watch?v=HcTiHzApHm0; https://www.youtube.com/watch?v=HcTiHzApHm0; https://www.youtube.com/watch?v=-qFBZFmOJfg,"['https://raw.githubusercontent.com/hpcaitech/public_assets/main/colossalai/img/colossal-ai_logo_vertical.png', 'https://raw.githubusercontent.com/hpcaitech/public_assets/main/colossalai/img/JamesDemmel_Colossal-AI.png', 'https://raw.githubusercontent.com/hpcaitech/public_assets/main/applications/sora/open-sora-1.png', 'https://raw.githubusercontent.com/hpcaitech/public_assets/main/applications/sora/open-sora-2.png', 'https://raw.githubusercontent.com/hpcaitech/public_assets/main/applications/chat/ColossalChat%20YouTube.png', 'https://raw.githubusercontent.com/hpcaitech/public_assets/main/applications/chat/ColossalChat%20Speed.jpg', 'https://raw.githubusercontent.com/hpcaitech/public_assets/main/applications/chatgpt/ChatGPT%20scaling.png', 'https://raw.githubusercontent.com/hpcaitech/public_assets/main/applications/chatgpt/ChatGPT-1GPU.jpg', 'https://raw.githubusercontent.com/hpcaitech/public_assets/main/applications/chatgpt/LoRA%20data.jpg', 'https://raw.githubusercontent.com/hpcaitech/public_assets/main/colossalai/img/Stable%20Diffusion%20v2.png', 'https://raw.githubusercontent.com/hpcaitech/public_assets/main/colossalai/img/DreamBooth.png', 'https://raw.githubusercontent.com/hpcaitech/public_assets/main/colossalai/img/Stable%20Diffusion%20Inference.jpg', 'https://raw.githubusercontent.com/hpcaitech/public_assets/main/colossalai/img/FastFold.jpg', 'https://raw.githubusercontent.com/hpcaitech/public_assets/main/colossalai/img/data%20preprocessing%20with%20Intel.jpg', 'https://raw.githubusercontent.com/hpcaitech/public_assets/main/colossalai/img/xTrimoMultimer_Table.jpg', 'https://raw.githubusercontent.com/hpcaitech/public_assets/main/colossalai/img/llama2_pretraining.png', 'https://raw.githubusercontent.com/hpcaitech/public_assets/main/examples/images/LLaMA_pretraining.png', 'https://raw.githubusercontent.com/hpcaitech/public_assets/main/examples/images/MOE_training.png', 'https://raw.githubusercontent.com/hpcaitech/public_assets/main/colossalai/img/GPT3-v5.png', 'https://raw.githubusercontent.com/hpcaitech/public_assets/main/colossalai/img/GPT2.png', 'https://raw.githubusercontent.com/hpcaitech/public_assets/main/colossalai/img/(updated)GPT-2.png', 'https://raw.githubusercontent.com/hpcaitech/public_assets/main/colossalai/img/BERT.png', 'https://raw.githubusercontent.com/hpcaitech/public_assets/main/colossalai/img/OPT_update.png', 'https://raw.githubusercontent.com/hpcaitech/public_assets/main/colossalai/img/ViT.png', 'https://raw.githubusercontent.com/hpcaitech/public_assets/main/colossalai/img/GPT2-GPU1.png', 'https://raw.githubusercontent.com/hpcaitech/public_assets/main/colossalai/img/GPT2-NVME.png', 'https://raw.githubusercontent.com/hpcaitech/public_assets/main/colossalai/img/PaLM-GPU1.png', 'https://raw.githubusercontent.com/hpcaitech/public_assets/main/colossalai/img/SwiftInfer.jpg', 'https://raw.githubusercontent.com/hpcaitech/public_assets/main/colossalai/img/inference_GPT-3.jpg', 'https://raw.githubusercontent.com/hpcaitech/public_assets/main/colossalai/img/BLOOM%20serving.png']",Deep Learning Platform.,True
Exploring ComPromptMized: The First Zero-click Worm in GenAI Ecosystems,https://github.com/StavC/ComPromptMized,https://www.youtube.com/watch?v=FL3qHH02Yd4,"['https://raw.githubusercontent.com/StavC/ComPromptMized/master/Assets/Icon.png', 'https://raw.githubusercontent.com/StavC/ComPromptMized/master/Assets/InfoLeak.png', 'https://raw.githubusercontent.com/StavC/ComPromptMized/master/Assets/DJISpam.png', 'https://raw.githubusercontent.com/StavC/ComPromptMized/master/FlowSteering/assets/OriginalProcessedImages/America.png', 'https://raw.githubusercontent.com/StavC/ComPromptMized/master/FlowSteering/assets/PerturbatedImages/AmericaPerturbClassForward.png', 'https://raw.githubusercontent.com/StavC/ComPromptMized/master/FlowSteering/assets/OriginalProcessedImages/Cat.png', 'https://raw.githubusercontent.com/StavC/ComPromptMized/master/FlowSteering/assets/PerturbatedImages/CatPerturbClassForward.png', 'https://raw.githubusercontent.com/StavC/ComPromptMized/master/FlowSteering/assets/OriginalProcessedImages/Dji.png', 'https://raw.githubusercontent.com/StavC/ComPromptMized/master/FlowSteering/assets/PerturbatedImages/DjiPerturbClassForward.png', 'https://raw.githubusercontent.com/StavC/ComPromptMized/master/FlowSteering/assets/OriginalProcessedImages/Trump.png', 'https://raw.githubusercontent.com/StavC/ComPromptMized/master/FlowSteering/assets/PerturbatedImages/TrumpPerturbClassForward.png']",Cybersecurity Tool,True
Enhance Your AI Art: A Comprehensive Guide to Installing and Using ADetailer for Stable Diffusion,https://github.com/Bing-su/adetailer,https://www.youtube.com/watch?v=sF3POwPUWCE; https://www.youtube.com/watch?v=urNISRdbIEg,['https://i.imgur.com/g6GdRBT.png'],Computer Vision Platform,True
Unlocking the Power of Deepface: A Comprehensive Guide to Advanced Face Recognition,https://github.com/serengil/deepface,https://www.youtube.com/watch?v=WnUVYQP4h44; https://www.youtube.com/watch?v=KRCvkNCOphE; https://www.youtube.com/watch?v=Hrjp-EStM_s; https://www.youtube.com/watch?v=i_MOwvhbLdI; https://www.youtube.com/watch?v=i_MOwvhbLdI; https://www.youtube.com/watch?v=i_MOwvhbLdI; https://www.youtube.com/watch?v=GT2UeN85BdA; https://www.youtube.com/watch?v=GZ2p2hj2H5k; https://www.youtube.com/watch?v=-c9sSJcx6wI; https://www.youtube.com/watch?v=HeKCQ6U9XmI; https://www.youtube.com/watch?v=PKKTAr3ts2s,"['https://raw.githubusercontent.com/serengil/deepface/master/icon/deepface-icon-labeled.png', 'https://raw.githubusercontent.com/serengil/deepface/master/icon/stock-1.jpg', 'https://raw.githubusercontent.com/serengil/deepface/master/icon/stock-6-v2.jpg', 'https://raw.githubusercontent.com/serengil/deepface/master/icon/embedding.jpg', 'https://raw.githubusercontent.com/serengil/deepface/master/icon/model-portfolio-v8.jpg', 'https://raw.githubusercontent.com/serengil/deepface/master/icon/stock-2.jpg', 'https://raw.githubusercontent.com/serengil/deepface/master/icon/detector-portfolio-v5.jpg', 'https://raw.githubusercontent.com/serengil/deepface/master/icon/detector-outputs-20240302.jpg', 'https://raw.githubusercontent.com/serengil/deepface/master/icon/retinaface-results.jpeg', 'https://raw.githubusercontent.com/serengil/deepface/master/icon/stock-3.jpg', 'https://raw.githubusercontent.com/serengil/deepface/master/icon/deepface-api.jpg', 'https://raw.githubusercontent.com/serengil/deepface/master/icon/deepface-dockerized-v2.jpg', 'https://raw.githubusercontent.com/serengil/deepface/master/icon/patreon.png']",Computer Vision Platform,True
Mastering Deep Reinforcement Learning with CleanRL: A Comprehensive Guide,https://github.com/vwxyzjn/cleanrl,https://www.youtube.com/watch?v=dm4HdGujpPs,"['https://raw.githubusercontent.com/vwxyzjn/cleanrl/master/docs/static/o1.png', 'https://raw.githubusercontent.com/vwxyzjn/cleanrl/master/docs/static/o2.png', 'https://raw.githubusercontent.com/vwxyzjn/cleanrl/master/docs/static/o3.png']",Deep Learning Platform,True
Revolutionizing Language Understanding: The Emergence of Yi's Bilingual LLMs,https://github.com/01-ai/Yi,https://www.youtube.com/watch?v=NJ89T5mO25Y; https://www.youtube.com/watch?v=CVQvj4Wrh4w; https://www.youtube.com/watch?v=On3Zuv27V3k,[''],Language Models,True
Exploring PeRFlow: A Revolution in Accelerating Diffusion Models for Spectacular Image Generation,https://github.com/magic-research/piecewise-rectified-flow,,['https://raw.githubusercontent.com/magic-research/piecewise-rectified-flow/main/assets/rocket-icon-png-21.png'],Image Generation Platform,True
Harness the Power of LLMWare: Your One-Stop Toolkit for LLM Application Development,https://github.com/llmware-ai/llmware,https://www.youtube.com/watch?v=cQfdaTcmBpY; https://www.youtube.com/watch?v=cQfdaTcmBpY; https://www.youtube.com/watch?v=ZJyQIZNJ45E; https://www.youtube.com/watch?v=JjgqOZ2v5oU; https://www.youtube.com/watch?v=Bncvggy6m5Q; https://www.youtube.com/watch?v=BI1RlaIJcsc; https://www.youtube.com/watch?v=8aV5p3tErP0; https://www.youtube.com/watch?v=Cf-07GBZT68; https://www.youtube.com/watch?v=h2FDjUyvsKE; https://www.youtube.com/watch?v=cQfdaTcmBpY; https://www.youtube.com/watch?v=JjgqOZ2v5oU; https://www.youtube.com/watch?v=d_u7VaKu6Qk; https://www.youtube.com/watch?v=Bncvggy6m5Q; https://www.youtube.com/watch?v=ZJyQIZNJ45E; https://www.youtube.com/watch?v=h2FDjUyvsKE; https://www.youtube.com/watch?v=qITahpVDuV0; https://www.youtube.com/watch?v=9wXJgld7Yow; https://www.youtube.com/watch?v=8aV5p3tErP0; https://www.youtube.com/watch?v=VHZSaBBG-Bo; https://www.youtube.com/watch?v=O0adUfrrxi8; https://www.youtube.com/watch?v=s0KWqYg5Buk; https://www.youtube.com/watch?v=0naqpH93eEU; https://www.youtube.com/watch?v=tAGz6yR14lw; https://www.youtube.com/watch?v=qiEmLnSRDUA,[''],Collaborative AI Framework,True
Unlocking Memory-Efficient LLM Training with GaLore Algorithm,https://github.com/jiaweizzhao/GaLore,,['https://raw.githubusercontent.com/jiaweizzhao/GaLore/master/imgs/galore_code_box.png'],Deep Learning Platform,True
A Comprehensive Guide to Mapping Cyberspace: Exploiting JetBrains TeamCity Vulnerabilities,https://github.com/W01fh4cker/CVE-2024-27198-RCE,,"['https://raw.githubusercontent.com/W01fh4cker/blog_image/main/image-20240308230546869.png', 'https://raw.githubusercontent.com/W01fh4cker/blog_image/main/image-20240308230808193.png', 'https://raw.githubusercontent.com/W01fh4cker/blog_image/main/image-20240307232348600.png', 'https://raw.githubusercontent.com/W01fh4cker/blog_image/main/image-20240307232404056.png']",Cybersecurity Tool,True
Exploring RAPTOR: Next-Level Information Retrieval,https://github.com/parthsarthi03/raptor,,"['https://raw.githubusercontent.com/parthsarthi03/raptor/master/raptor.jpg', 'https://raw.githubusercontent.com/parthsarthi03/raptor/master/raptor.jpg']",Natural Language Processing,True
Revolutionizing Time Series Forecasting with Time-LLM: Unveiling the Power of LLM Reprogramming,https://github.com/KimMeen/Time-LLM,https://www.youtube.com/watch?v=L-hRexVa32k,"['https://raw.githubusercontent.com/KimMeen/Time-LLM/main/./figures/logo.png', 'https://raw.githubusercontent.com/KimMeen/Time-LLM/main/./figures/framework.png', 'https://raw.githubusercontent.com/KimMeen/Time-LLM/main/./figures/method-detailed-illustration.png']",Deep Learning Platform,True
Recreating Sora: A Collaborative Effort Towards Open-Sourced AI Solutions,https://github.com/PKU-YuanGroup/Open-Sora-Plan,,"['https://raw.githubusercontent.com/PKU-YuanGroup/Open-Sora-Plan/main/assets/we_want_you.jpg', 'https://raw.githubusercontent.com/PKU-YuanGroup/Open-Sora-Plan/main/assets/framework.jpg', 'https://raw.githubusercontent.com/PKU-YuanGroup/Open-Sora-Plan/main/assets/rec_video_2.gif', 'https://raw.githubusercontent.com/PKU-YuanGroup/Open-Sora-Plan/main/assets/rec_video_0.gif', 'https://raw.githubusercontent.com/PKU-YuanGroup/Open-Sora-Plan/main/assets/rec_video_1.gif', 'https://raw.githubusercontent.com/PKU-YuanGroup/Open-Sora-Plan/main/assets/rec_video_3.gif', 'https://raw.githubusercontent.com/PKU-YuanGroup/Open-Sora-Plan/main/assets/loss.jpg']",Collaborative AI Framework,True
Learn Machine Learning with AssemblyAI's Comprehensive Course,https://github.com/anthropics/anthropic-sdk-python,https://www.youtube.com/watch?v=p1hGz0w_OCo,[''],Machine Learning,True
Maximizing Human Creativity: Unleash Potential with AI Augmentation Using Fabric,https://github.com/danielmiessler/fabric,https://www.youtube.com/watch?v=wPEyyigh10g,['https://raw.githubusercontent.com/danielmiessler/fabric/main/./images/fabric-logo-gif.gif'],Collaborative AI Framework,True
Unveiling ChatGLM3: The Latest Breakthrough in Conversational AI,https://github.com/THUDM/ChatGLM3,https://www.youtube.com/watch?v=Pw9PB6R7ORA,"['https://raw.githubusercontent.com/THUDM/ChatGLM3/main/resources/tool.png', 'https://raw.githubusercontent.com/THUDM/ChatGLM3/main/resources/heart.png', 'https://raw.githubusercontent.com/THUDM/ChatGLM3/main/resources/web-demo.gif', 'https://raw.githubusercontent.com/THUDM/ChatGLM3/main/resources/web-demo2.png', 'https://raw.githubusercontent.com/THUDM/ChatGLM3/main/resources/cli-demo.png']",Language Models,True
Revolutionize Your AI: Fine-Tuning LLM Agents with LlamaGym,https://github.com/KhoomeiK/LlamaGym,,['https://raw.githubusercontent.com/khoomeik/LlamaGym/main/llamagym.png'],Deep Learning Platform,True
Unveiling DeepSeek-VL: A Revolution in Vision-Language Models,https://github.com/deepseek-ai/DeepSeek-VL,,"['https://github.com/deepseek-ai/DeepSeek-VL/blob/main/images/sample.jpg', 'https://raw.githubusercontent.com/deepseek-ai/DeepSeek-VL/main/./images/gradio_demo.png']",Vision-Language Model,True
ELLA's Breakthrough: Enhancing Semantic Alignment with LLM in Diffusion Models,https://github.com/ELLA-Diffusion/ELLA,,"['https://raw.githubusercontent.com/ELLA-Diffusion/ELLA/main/./assets/ELLA-Diffusion.jpg', 'https://raw.githubusercontent.com/ELLA-Diffusion/ELLA/main/./assets/teaser_3img.png', 'https://raw.githubusercontent.com/ELLA-Diffusion/ELLA/main/./assets/teaser1_raccoon.png']",Collaborative AI Framework,True
Unlocking the Power of Xiaomi AI with XiaoGPT: A Comprehensive Guide,https://github.com/yihong0618/xiaogpt,https://www.youtube.com/watch?v=K4YA8YwzOOA,"['https://user-images.githubusercontent.com/15976103/220028375-c193a859-48a1-4270-95b6-ef540e54a621.png', 'https://user-images.githubusercontent.com/15976103/226802344-9c71f543-b73c-4a47-8703-4c200c434dec.png']",AI Python Client,True
Unlocking Creative Workflows with ComfyUI IPAdapter Plus: A Comprehensive Guide,https://github.com/cubiq/ComfyUI_IPAdapter_plus,https://www.youtube.com/watch?v=7m9ZZFU3HWo; https://www.youtube.com/watch?v=7m9ZZFU3HWo; https://www.youtube.com/watch?v=mJQ62ly7jrg; https://www.youtube.com/watch?v=vqG1VXKteQg; https://www.youtube.com/watch?v=ddYbhv3WgWw,"['https://raw.githubusercontent.com/cubiq/ComfyUI_IPAdapter_plus/main/./ipadapter_workflow.png', 'https://img.youtube.com/vi/7m9ZZFU3HWo/hqdefault.jpg', 'https://raw.githubusercontent.com/cubiq/ComfyUI_IPAdapter_plus/main/./examples/noise_example.jpg', 'https://raw.githubusercontent.com/cubiq/ComfyUI_IPAdapter_plus/main/./examples/prep_images.jpg', 'https://raw.githubusercontent.com/cubiq/ComfyUI_IPAdapter_plus/main/./examples/canny_controlnet.jpg', 'https://raw.githubusercontent.com/cubiq/ComfyUI_IPAdapter_plus/main/./examples/face_swap.jpg', 'https://raw.githubusercontent.com/cubiq/ComfyUI_IPAdapter_plus/main/./examples/inpainting.jpg', 'https://raw.githubusercontent.com/cubiq/ComfyUI_IPAdapter_plus/main/./examples/batch_images.jpg', 'https://raw.githubusercontent.com/cubiq/ComfyUI_IPAdapter_plus/main/./examples/image_weighting.jpg', 'https://raw.githubusercontent.com/cubiq/ComfyUI_IPAdapter_plus/main/./examples/weight_types.jpg', 'https://raw.githubusercontent.com/cubiq/ComfyUI_IPAdapter_plus/main/./examples/masking.jpg', 'https://raw.githubusercontent.com/cubiq/ComfyUI_IPAdapter_plus/main/./examples/timestepping.jpg', 'https://raw.githubusercontent.com/cubiq/ComfyUI_IPAdapter_plus/main/./examples/face_id_wf.jpg']",Computer Vision Platform,True
Revolutionizing Avatar Modeling: Discover Animatable Gaussians,https://github.com/lizhe00/AnimatableGaussians,https://www.youtube.com/watch?v=kOmZxD0HxZI,[''],Computer Vision Platform,True
Cradle: Pioneering General Computer Control,https://github.com/BAAI-Agents/Cradle,https://www.youtube.com/watch?v=Cx-D708BedY; https://www.youtube.com/watch?v=Oa4Ese8mMD0,"['https://raw.githubusercontent.com/BAAI-Agents/Cradle/main/docs/images/cradle-intro.png', 'https://raw.githubusercontent.com/BAAI-Agents/Cradle/main/docs/images/rd2_task_grid_03.gif', 'https://raw.githubusercontent.com/BAAI-Agents/Cradle/main/docs/images/rd2_task_grid_02.gif', 'https://raw.githubusercontent.com/BAAI-Agents/Cradle/main/docs/images/rd2_task_grid_01.gif', 'https://raw.githubusercontent.com/BAAI-Agents/Cradle/main/docs/images/rd2_task_grid_04.gif', 'https://raw.githubusercontent.com/BAAI-Agents/Cradle/main/docs/images/video1.jpg', 'https://raw.githubusercontent.com/BAAI-Agents/Cradle/main/docs/images/video2.jpg', 'https://raw.githubusercontent.com/BAAI-Agents/Cradle/main/docs/images/raw_input.png', 'https://raw.githubusercontent.com/BAAI-Agents/Cradle/main/docs/images/direct_input.png', 'https://raw.githubusercontent.com/BAAI-Agents/Cradle/main/docs/images/move_control_previous.png', 'https://raw.githubusercontent.com/BAAI-Agents/Cradle/main/docs/images/move_control_now.png', 'https://raw.githubusercontent.com/BAAI-Agents/Cradle/main/docs/images/game_position.png', 'https://raw.githubusercontent.com/BAAI-Agents/Cradle/main/docs/images/resolution.png', 'https://raw.githubusercontent.com/BAAI-Agents/Cradle/main/docs/images/enlarge_minimap.png', 'https://raw.githubusercontent.com/BAAI-Agents/Cradle/main/docs/images/minimap_setting.png', 'https://raw.githubusercontent.com/BAAI-Agents/Cradle/main/docs/images/subtitles.png']",Game Development Tool,True
MetaGPT: Revolutionizing Complex Tasks through Multi-Agent Collaboration,https://github.com/geekan/MetaGPT,https://www.youtube.com/watch?v=uT75J_KG_aY,"['https://raw.githubusercontent.com/geekan/MetaGPT/main/docs/resources/MetaGPT-new-log.png', 'https://raw.githubusercontent.com/geekan/MetaGPT/main/docs/resources/software_company_cd.jpeg']",Collaborative AI Framework,True
Exploring LaVague: Revolutionizing Web Interactions with Natural Language Processing,https://github.com/lavague-ai/LaVague,,"['https://raw.githubusercontent.com/lavague-ai/LaVague/main/static/logo.png', 'https://raw.githubusercontent.com/lavague-ai/LaVague/main/static/hf_lavague.gif', 'https://raw.githubusercontent.com/lavague-ai/LaVague/main/static/irs_lavague.gif']",AI Browser Automation,True
Step by Step Guide: How to Install DarkGPT Project | AI Assistant Setup,https://github.com/luijait/DarkGPT,,['https://i.imgur.com/bYW6pai.jpg'],AI Coding Assistant,True
Automate Browser Workflows with Skyvern: Leveraging LLMs & Computer Vision,https://github.com/Skyvern-AI/skyvern,,"['https://raw.githubusercontent.com/Skyvern-AI/skyvern/main/images/skyvern_logo_blackbg.png', 'https://raw.githubusercontent.com/Skyvern-AI/skyvern/main/images/geico_shu_recording_cropped.gif', 'https://raw.githubusercontent.com/Skyvern-AI/skyvern/main/images/skyvern-system-diagram-light.png', 'https://raw.githubusercontent.com/Skyvern-AI/skyvern/main/images/skyvern_visualizer_run_task.png', 'https://raw.githubusercontent.com/Skyvern-AI/skyvern/main/images/skyvern_visualizer_debug_llm_response.png', 'https://raw.githubusercontent.com/Skyvern-AI/skyvern/main/images/skyvern_visualizer_debug_action_screenshot.png', 'https://raw.githubusercontent.com/Skyvern-AI/skyvern/main/images/finditparts_recording_crop.gif', 'https://raw.githubusercontent.com/Skyvern-AI/skyvern/main/images/edd_services.gif', 'https://raw.githubusercontent.com/Skyvern-AI/skyvern/main/images/bci_seguros_recording.gif', 'https://raw.githubusercontent.com/Skyvern-AI/skyvern/main/images/geico_shu_recording_cropped.gif']",AI Browser Automation,True
Revolutionizing Text-to-Image Generation with Visual Style Prompting,https://github.com/naver-ai/Visual-Style-Prompting,,"['https://raw.githubusercontent.com/naver-ai/Visual-Style-Prompting/main/./assets/git_image/teaser.png', 'https://raw.githubusercontent.com/naver-ai/Visual-Style-Prompting/main/./assets/git_image/vsp.png', 'https://raw.githubusercontent.com/naver-ai/Visual-Style-Prompting/main/./assets/git_image/vsp_control.png', 'https://raw.githubusercontent.com/naver-ai/Visual-Style-Prompting/main/./assets/git_image/vsp_real.png', 'https://raw.githubusercontent.com/naver-ai/Visual-Style-Prompting/main/./assets/git_image/attention_map.png']",Image Generation Platform,True
Chronos: Mastering Time Series Forecasting with Pretrained Models,https://github.com/amazon-science/chronos-forecasting,,['https://raw.githubusercontent.com/amazon-science/chronos-forecasting/main/figures/main-figure.png'],Time Series Forecasting,True
Rope Implements Insightface Inswapper_128 Model: Enhancing GUI Experience,https://github.com/Hillobar/Rope,https://www.youtube.com/watch?v=4Y4U0TZ8cWY,[''],Computer Vision Platform,True
"Transform Faces to 3D, Pixel Art and More with Face-to-Many",https://github.com/fofr/cog-face-to-many,,['https://replicate.delivery/pbxt/R1ayGe5efoQbaoRzgDEJdLsIZ20lWRiprvoW1F4uKAZIha6kA/ComfyUI_00001_.png'],Custom Node Pack,True
Decompiling Binary Code with Large Language Models: Introducing LLM4Decompile,https://github.com/albertan017/LLM4Decompile,,"['https://github.com/albertan017/LLM4Decompile/blob/main/samples/pipeline.png', 'https://github.com/albertan017/LLM4Decompile/blob/main/samples/results_decompile.png']",Large-scale Language Models,True
Exploring JAX: Python library for Optimal Numeric Computing and Machine Learning,https://github.com/google/jax,https://www.youtube.com/watch?v=iDxJxIyzSiM,['https://raw.githubusercontent.com/google/jax/main/images/jax_logo_250px.png'],Machine Learning Tool,True
Take Your AI Assistants to the Next Level with Phidata,https://github.com/phidatahq/phidata,https://www.youtube.com/watch?v=VNoBVR5t1yI; https://www.youtube.com/watch?v=EVQLYncsDVI,"['https://img.youtube.com/vi/VNoBVR5t1yI/0.jpg', 'https://img.youtube.com/vi/EVQLYncsDVI/0.jpg']",AI Coding Assistant,True
Unlocking the Potential of Generative Models: A Deep Dive Into Stability AI's Innovations,https://github.com/Stability-AI/generative-models,https://www.youtube.com/watch?v=Zqw4-1LcfWg,"['https://raw.githubusercontent.com/Stability-AI/generative-models/main/assets/000.jpg', 'https://raw.githubusercontent.com/Stability-AI/generative-models/main/assets/sv3d.gif', 'https://raw.githubusercontent.com/Stability-AI/generative-models/main/assets/turbo_tile.png', 'https://raw.githubusercontent.com/Stability-AI/generative-models/main/assets/tile.gif', 'https://raw.githubusercontent.com/Stability-AI/generative-models/main/assets/001_with_eval.png']",Artificial Intelligence,True
Unleashing NVIDIA‚Äôs Triton Inference Server: Streamlined AI Inferencing,https://github.com/triton-inference-server/server,https://www.youtube.com/watch?v=NQDtfSi5QF4,[''],AI Inference Platform,True
Revitalizing Anime Images with APISR: Anime Production Inspired Super-Resolution (CVPR2024),https://github.com/Kiteretsu77/APISR,,"['https://raw.githubusercontent.com/Kiteretsu77/APISR/main/__assets__/logo.png', 'https://raw.githubusercontent.com/Kiteretsu77/APISR/main/__assets__/workflow.png', 'https://raw.githubusercontent.com/Kiteretsu77/APISR/main/__assets__/visual_results/0079_visual.png', 'https://raw.githubusercontent.com/Kiteretsu77/APISR/main/__assets__/visual_results/0079_2_visual.png', 'https://raw.githubusercontent.com/Kiteretsu77/APISR/main/__assets__/visual_results/pokemon_visual.png', 'https://raw.githubusercontent.com/Kiteretsu77/APISR/main/__assets__/visual_results/pokemon2_visual.png', 'https://raw.githubusercontent.com/Kiteretsu77/APISR/main/__assets__/visual_results/eva_visual.png', 'https://raw.githubusercontent.com/Kiteretsu77/APISR/main/__assets__/visual_results/kiteret_visual.png', 'https://raw.githubusercontent.com/Kiteretsu77/APISR/main/__assets__/visual_results/f91_visual.png', 'https://raw.githubusercontent.com/Kiteretsu77/APISR/main/__assets__/visual_results/wataru_visual.png', 'https://raw.githubusercontent.com/Kiteretsu77/APISR/main/__assets__/AVC_RealLQ_comparison.png']",Image Generation Platform,True
Unleashing the Power of AI in Reverse Engineering: An In-Depth Look at ReverserAI v1.0.1,https://github.com/mrphrazer/reverser_ai,,"['https://raw.githubusercontent.com/mrphrazer/reverser_ai/main/imgs/plugin_menu.png', 'https://raw.githubusercontent.com/mrphrazer/reverser_ai/main/imgs/plugin_results.png', 'https://raw.githubusercontent.com/mrphrazer/reverser_ai/main/imgs/plugin_settings.png']",AI Development Platform,True
MoneyPrinterTurbo: Automated Video Generation and Editing For the Next Level,https://github.com/harry0703/MoneyPrinterTurbo,,"['https://raw.githubusercontent.com/harry0703/MoneyPrinterTurbo/main/docs/webui.jpg', 'https://raw.githubusercontent.com/harry0703/MoneyPrinterTurbo/main/docs/api.jpg', 'https://raw.githubusercontent.com/harry0703/MoneyPrinterTurbo/main/docs/douyin.jpg', 'https://raw.githubusercontent.com/harry0703/MoneyPrinterTurbo/main/docs/shipinghao.jpg']",Video Generation Tool,True
"Master the Art of Web Crawling with Small Red Book, TikTok, Kuaishou, Bilibili and Weibo",https://github.com/lewis-007/MediaCrawler,,"['https://raw.githubusercontent.com/lewis-007/MediaCrawler/main/static/images/wechat_pay.jpeg', 'https://raw.githubusercontent.com/lewis-007/MediaCrawler/main/static/images/zfb_pay.jpeg']",Social Media Crawler,True
Revolutionizing Image Translation with CycleGAN-Turbo and Pix2Pix-Turbo,https://github.com/GaParmar/img2img-turbo,,"['https://raw.githubusercontent.com/GaParmar/img2img-turbo/main/assets/cat_2x.gif', 'https://raw.githubusercontent.com/GaParmar/img2img-turbo/main/assets/fish_2x.gif']",Image Generation Platform,True
Supercharge Your PyTorch Models with Lightning Thunder,https://github.com/Lightning-AI/lightning-thunder,,"['https://raw.githubusercontent.com/Lightning-AI/lightning-thunder/main/docs/source/_static/images/training_throughput_single.png', 'https://raw.githubusercontent.com/Lightning-AI/lightning-thunder/main/docs/source/_static/images/normalized_training_throughput_zero2.png']",AI Development Platform,False
Enhancing Transcription Speed and Efficiency with Faster-Whisper Transcription & CTranslate2,https://github.com/SYSTRAN/faster-whisper,https://www.youtube.com/watch?v=0u7tTptBo9I,[''],AI Inference Platform,False
Revolutionizing Software Engineering: SWE-agent's Breakthrough with LMs,https://github.com/princeton-nlp/SWE-agent,,"['https://raw.githubusercontent.com/princeton-nlp/SWE-agent/main/assets/swe-agent-banner.png', 'https://raw.githubusercontent.com/princeton-nlp/SWE-agent/main/assets/results+preview.png']",AI Development Platform,False
Achieving Peak AI Performance: JetMoE Surpasses LLaMA2 with Minimal Budget,https://github.com/myshell-ai/JetMoE,,['https://raw.githubusercontent.com/myshell-ai/JetMoE/main/resources/2-performance.png'],Large-scale Language Models,False
